<?xml version="1.0" encoding="UTF-8"?>
<!DOCTYPE hibernate-mapping PUBLIC
        "-//Hibernate/Hibernate Mapping DTD 3.0//EN"
        "http://hibernate.sourceforge.net/hibernate-mapping-3.0.dtd">

<hibernate-mapping>
    <class name="org.apachechina.fsmessage.domain.Message" table="fsMESSAGE_MESSAGE">    
        <id name="id" column="MESSAGE_ID">
            <generator class="native"/>
        </id>        
        <property name="message" type="string"/>
        <property name="style" type="string"/>
        <property name="title" type="string"/>   
        <property name="thefrom" type="string"/>  
        <property name="theto" type="string"/>  
        <property name="date" type="date"/> 
    </class>

    <class name="org.apachechina.fsmessage.domain.UserMessage" table="fsMESSAGE_USERMESSAGE">    
        <id name="id" column="USERMESSAGE_ID">
            <generator class="native"/>
        </id> 
        <property name="name" type="string"/>      
        <property name="newnum" type="int"/>
        <property name="oldnum" type="int"/> 
        <property name="savenum" type="int"/>  
    </class>
 
</hibernate-mapping>