<?xml version="1.0" encoding="UTF-8" ?>
<!DOCTYPE struts PUBLIC
    "-//Apache Software Foundation//DTD Struts Configuration 2.0//EN"
    "http://struts.apache.org/dtds/struts-2.0.dtd">
<struts> 
 	<!-- todo: move to /${moduleName}/config/struts.xml文件中 -->
   <package name="message" namespace="/message"  extends="fsbase" >
       <action name="index" class="MsgList">
            <result>index.jsp</result>
        </action> 
        <action name="newRead" class="MsgList">
            <result>newread.jsp</result>
        </action> 
        <action name="msgSave" class="MsgSave" >
            <result>messageaction.jsp</result>
            <result name="error">messageaError.jsp</result>
        </action> 
        <action name="msgDelete" class="MsgDelete">
            <result>messageadelete.jsp</result>
        </action> 
    </package>
   
</struts>
