<?xml version="1.0" encoding="UTF-8"?>
<beans xmlns="http://www.springframework.org/schema/beans"
	xmlns:xsi="http://www.w3.org/2001/XMLSchema-instance"
	xmlns:aop="http://www.springframework.org/schema/aop"
	xsi:schemaLocation="
http://www.springframework.org/schema/beans http://www.springframework.org/schema/beans/spring-beans-2.0.xsd
http://www.springframework.org/schema/aop http://www.springframework.org/schema/aop/spring-aop-2.0.xsd">

	<!--todo: 将要被移动到 /${moduleName}/ 中 -->
	
	<!-- dao -->
	<bean id="articleDao" class="org.apachechina.fscms.dao.ArticleDao" > 
		<property name="sessionFactory" ref="sessionFactory"/>
	</bean>
		
		
		
		
	<!-- action-->	
	<bean id="ArticleList" class="org.apachechina.fscms.action.ArticleList" scope="prototype" >
		<property name="articleDao" ref="articleDao" />
	</bean>
	
	<bean id="ArticleRead" class="org.apachechina.fscms.action.ArticleRead" scope="prototype" >
		<property name="articleDao" ref="articleDao" /> 
	</bean>


</beans>
