<?xml version="1.0" encoding="UTF-8"?>
<!DOCTYPE hibernate-mapping PUBLIC
        "-//Hibernate/Hibernate Mapping DTD 3.0//EN"
        "http://hibernate.sourceforge.net/hibernate-mapping-3.0.dtd">

<hibernate-mapping>
    <class name="org.apachechina.fsboard.domain.Board" table="fsBoard_Board">    
        <id name="id" column="id" type="long" >
            <generator class="native" />
        </id>        
        <property name="title" type="string" length="90" />
        <property name="context" type="string" length="3000" />
        <property name="author" type="string" length="200" />   
    </class>
</hibernate-mapping>