<?xml version="1.0" encoding="UTF-8"?>
<beans xmlns="http://www.springframework.org/schema/beans"
	xmlns:xsi="http://www.w3.org/2001/XMLSchema-instance" xmlns:aop="http://www.springframework.org/schema/aop"
	xmlns:tx="http://www.springframework.org/schema/tx"
	xsi:schemaLocation="
http://www.springframework.org/schema/beans http://www.springframework.org/schema/beans/spring-beans-2.0.xsd
http://www.springframework.org/schema/aop http://www.springframework.org/schema/aop/spring-aop-2.0.xsd
http://www.springframework.org/schema/tx http://www.springframework.org/schema/tx/spring-tx-2.0.xsd">

	<!-- 配置sessionFactory -->
	<bean id="sessionFactory"
		class="org.springframework.orm.hibernate3.LocalSessionFactoryBean">
		<property name="configLocation">
			<value>classpath:hibernate.cfg.xml</value>
		</property>
	</bean>

	<!-- 配置事务管理器 -->
	<bean id="transactionManager"
		class="org.springframework.orm.hibernate3.HibernateTransactionManager">
		<property name="sessionFactory">
			<ref local="sessionFactory" />
		</property>
	</bean>

	<!-- 配置事务特性,所有的方法 -->
	<tx:advice id="txAdvice" transaction-manager="transactionManager">
		<tx:attributes>
			<tx:method name="*" propagation="REQUIRED" />
		</tx:attributes>
	</tx:advice>

	<!-- 配置那些类的方法进行事务管理 ${moduleName}下的manager包和action包是事务支持的 -->
	<aop:config>
		<aop:pointcut id="allManagerMethod"
			expression="execution (* org.apachechina.*.manager.*.*(..))" />
		<aop:pointcut id="allActionMethod"
			expression="execution (* org.apachechina.*.action.*.*(..))" />
		<aop:advisor advice-ref="txAdvice" pointcut-ref="allManagerMethod" />
		<aop:advisor advice-ref="txAdvice" pointcut-ref="allActionMethod" />
	</aop:config>


	<import resource="org/apachechina/fscore/config/applicationContext.xml" />
	<import resource="org/apachechina/fsboard/config/applicationContext.xml" />

	<!-- -->
	<import resource="org/apachechina/fsbbs/config/applicationContext.xml" />
	<import resource="org/apachechina/fschatroom/config/applicationContext.xml" />
	<import resource="org/apachechina/fscms/config/applicationContext.xml" />
	<import resource="org/apachechina/fsmessage/config/applicationContext.xml" />
	<import resource="org/apachechina/fsnote/config/applicationContext.xml" />
	<import resource="org/apachechina/fsphoto/config/applicationContext.xml" />
</beans>

