<?xml version="1.0" encoding="UTF-8"?>
<beans xmlns="http://www.springframework.org/schema/beans"
	xmlns:xsi="http://www.w3.org/2001/XMLSchema-instance"
	xmlns:aop="http://www.springframework.org/schema/aop"
	xsi:schemaLocation="
http://www.springframework.org/schema/beans http://www.springframework.org/schema/beans/spring-beans-2.0.xsd
http://www.springframework.org/schema/aop http://www.springframework.org/schema/aop/spring-aop-2.0.xsd">

	<!-- 数据库相关 -->
	<bean id="boardDao" class="org.apachechina.fsboard.dao.BoardDao" > 
		<property name="sessionFactory" ref="sessionFactory"/>
	</bean>
	


	<!--将要被移动到 /${moduleName}/config目录下的applicationContext.xml文件中 -->
	<bean id="boardManager" class="org.apachechina.fsboard.manager.BoardManager" > 
		<property name="boardDao" ref="boardDao"/>
	</bean>
		
		
	<!-- Action ,可以考虑放在 /${moduleName}/config/applicationContext-actions.xml中 所有id名称为类名 -->	
	<bean id="boardList" class="org.apachechina.fsboard.action.List" scope="prototype" >
		<property name="boardManager" ref="boardManager" />
		<property name="userManager" ref="userManager" />
	</bean>
	
	<!-- Action ,可以考虑放在 /${moduleName}/config/applicationContext-actions.xml中 所有id名称为类名 -->	
	<bean id="boardSave" class="org.apachechina.fsboard.action.Save" scope="prototype" >
			<property name="boardDao" ref="boardDao"/>
	</bean>
	


</beans>
