<?xml version="1.0" encoding="UTF-8" ?>
<!DOCTYPE struts PUBLIC
    "-//Apache Software Foundation//DTD Struts Configuration 2.0//EN"
    "http://struts.apache.org/dtds/struts-2.0.dtd">
    
<struts> 
 	<package name="chatroom" namespace="/chatroom"  extends="fsbase">
 		<!-- 主页 -->
 		<default-action-ref name="index" ></default-action-ref>
        <action name="index" class="ChatIndex">
            <result>index.jsp</result>
        </action>
        <action name="addChat" class="AddChat">
            <result>index.jsp</result>
        </action>
    </package>
</struts>
